,antigen.epitope,antigen.species,count,pval,cluster,all_clust_count,enrichment_score
31,NYNYLYRLF,SARS-CoV-2,7,0.0004707385783149037,0,8,0.875
42,TTDPSFLGRY,SARS-CoV-2,14,1.779729332712882e-07,0,26,0.5384615384615384
41,TPQDLNTML,HIV-1,14,0.0010650465134353377,0,14,1.0
46,YLQPRTFLL,SARS-CoV-2,16,1.220413224643319e-13,0,26,0.6153846153846154
43,VTEHDTLLY,CMV,17,1.913698262607861e-05,0,24,0.7083333333333334
34,RAKFKQLL,EBV,18,0.0003130601574585554,0,47,0.3829787234042553
39,SPRWYFYYL,SARS-CoV-2,21,2.8891801974712108e-05,0,30,0.7
10,KTFPPTEPK,SARS-CoV-2,1,9.947101739253705e-08,1,2,0.5
12,NEGVKAAW,CMV,4,9.385090490983602e-05,1,4,1.0
5,GLCTLVAML,EBV,4,0.0009080780228490002,1,33,0.12121212121212122
16,YLQPRTFLL,SARS-CoV-2,4,3.894290330916852e-05,1,26,0.15384615384615385
22,RPPIFIRRL,EBV,2,7.812639650859457e-12,2,2,1.0
20,RLRPGGKKK,HIV-1,3,1.6068480539211544e-05,2,4,0.75
16,WLTNIFGTV,SARS-CoV-2,3,0.00035110579845237913,3,3,1.0
11,LLYDANYFL,SARS-CoV-2,5,1.1518022304637875e-05,3,5,1.0
13,TMADLVYAL,SARS-CoV-2,2,0.00015475085112963538,8,3,0.6666666666666666
11,TTDPSFLGRY,SARS-CoV-2,7,7.977769058287817e-09,20,26,0.2692307692307692
12,VTEHDTLLY,CMV,7,1.9427828444946494e-07,20,24,0.2916666666666667
5,KRWIIMGLNK,HIV-1,2,0.00032497678737217493,35,5,0.4
