,antigen.epitope,antigen.species,count,pval,cluster,all_clust_count,enrichment_score
76,VTEHDTLLY,CMV,33,5.013172899493213e-05,0,38,0.868421052631579
48,TVYGFCLL,MCMV,5,1.5270501545658146e-08,3,5,1.0
41,SIIAYTMSL,SARS-CoV-2,5,3.6267970338236856e-07,3,5,1.0
32,MLAKALRKV,SARS-CoV-2,17,1.5278221875421954e-05,3,17,1.0
49,TMADLVYAL,SARS-CoV-2,24,1.215992027104544e-10,4,24,1.0
42,RLRPGGKKK,HIV-1,3,0.0012039299175687702,6,3,1.0
11,VTEHDTLLY,CMV,3,0.00034719462831931915,7,38,0.07894736842105263
6,LLYDANYFL,SARS-CoV-2,1,6.188271986928936e-05,11,3,0.3333333333333333
2,TTPESANL,SIV,1,6.513970512558042e-07,16,3,0.3333333333333333
5,SSGDATTAY,SARS-CoV-2,1,3.3871409840959904e-05,54,1,1.0
