,antigen.epitope,antigen.species,count,pval,cluster,all_clust_count,enrichment_score
76,VTEHDTLLY,CMV,33,5.013172899493213e-05,0,38,0.868421052631579
73,TTDPSFLGRY,SARS-CoV-2,47,2.09636959233944e-05,0,79,0.5949367088607594
48,TVYGFCLL,MCMV,5,1.5270501545658146e-08,3,5,1.0
41,SIIAYTMSL,SARS-CoV-2,5,3.6267970338236856e-07,3,5,1.0
32,MLAKALRKV,SARS-CoV-2,17,1.5278221875421954e-05,3,17,1.0
36,QARQMVQAMRTIGTHP,InfluenzaA,18,2.8646094447640856e-06,3,46,0.391304347826087
39,RLRAEAQVK,EBV,19,0.0003582257107107126,3,33,0.5757575757575758
31,LTDEMIAQY,SARS-CoV-2,20,0.0006455402226562428,3,24,0.8333333333333334
37,RALEYKNL,MCMV,27,2.8646094447640856e-06,3,56,0.48214285714285715
42,SPRWYFYYL,SARS-CoV-2,28,5.692257511823423e-05,3,82,0.34146341463414637
44,SSLENFRAYV,InfluenzaA,29,3.8973637328060194e-05,3,79,0.3670886075949367
34,NLVPMVATV,CMV,78,8.470062524531501e-05,3,299,0.2608695652173913
33,NEGVKAAW,CMV,20,5.7091469775901555e-05,4,21,0.9523809523809523
49,TMADLVYAL,SARS-CoV-2,24,1.215992027104544e-10,4,24,1.0
35,NLVPMVATV,CMV,83,7.216231673075267e-06,4,299,0.27759197324414714
42,RLRPGGKKK,HIV-1,3,0.0012039299175687702,6,3,1.0
11,VTEHDTLLY,CMV,3,0.00034719462831931915,7,38,0.07894736842105263
6,LLYDANYFL,SARS-CoV-2,1,6.188271986928936e-05,11,3,0.3333333333333333
2,TTPESANL,SIV,1,6.513970512558042e-07,16,3,0.3333333333333333
5,SSGDATTAY,SARS-CoV-2,1,3.3871409840959904e-05,54,1,1.0
2,LLQTGIHVRVSQPSL,CMV,4,2.208919528792635e-05,54,20,0.2
