,antigen.epitope,antigen.species,count,pval,cluster,all_clust_count,enrichment_score
49,TPQDLNTML,HIV-1,14,0.0010650465134353377,0,14,1.0
50,TTDPSFLGRY,SARS-CoV-2,14,1.779729332712882e-07,0,26,0.5384615384615384
54,YLQPRTFLL,SARS-CoV-2,16,1.220413224643319e-13,0,26,0.6153846153846154
51,VTEHDTLLY,CMV,17,1.913698262607861e-05,0,24,0.7083333333333334
44,SPRWYFYYL,SARS-CoV-2,21,0.0003404884417408848,0,30,0.7
13,NEGVKAAW,CMV,4,9.947101739253705e-08,1,4,1.0
8,IVTDFSVIK,EBV,4,0.0009080780228490002,1,18,0.2222222222222222
19,YLQPRTFLL,SARS-CoV-2,4,3.894290330916852e-05,1,26,0.15384615384615385
22,RLRPGGKKK,HIV-1,3,1.6068480539211544e-05,2,4,0.75
18,WLTNIFGTV,SARS-CoV-2,3,0.00035110579845237913,3,3,1.0
11,LLYDANYFL,SARS-CoV-2,5,0.0009850714609084812,3,5,1.0
12,SLYNTVATL,HIV-1,1,0.00043330238316292716,8,1,1.0
7,TMADLVYAL,SARS-CoV-2,1,0.00043330238316292716,15,3,0.3333333333333333
11,TTDPSFLGRY,SARS-CoV-2,7,7.977769058287817e-09,20,26,0.2692307692307692
12,VTEHDTLLY,CMV,7,1.9427828444946494e-07,20,24,0.2916666666666667
6,NAITNAKII,RSV,1,0.00032497678737217493,35,1,1.0
