,antigen.epitope,antigen.species,count,pval,cluster,all_clust_count,enrichment_score
12,MFLARGIVF,SARS-CoV-2,27,1.7894859387280872e-07,0,27,1.0
1,LPRWYFYYL,HCoV-HKU1,31,2.418109753188787e-37,1,31,1.0
9,LMIERFVSL,SARS-CoV-2,20,1.9817259339587002e-20,3,20,1.0
8,RTLNAWVKV,HIV-1,5,2.7894135251447324e-24,4,5,1.0
11,TSAMHTMLF,SARS-CoV-2,4,1.9361103488139553e-05,5,4,1.0
5,QVPLRPMTYK,HIV-1,2,3.79860946112486e-15,8,18,0.1111111111111111
12,RISNCVADYSVLYNS,SARS-CoV-2,24,6.783346675447738e-33,9,24,1.0
8,RLITGRLQSL,SARS-CoV-2,5,5.410774979337104e-08,10,5,1.0
3,KLVSSFLEM,SARS-CoV-2,6,0.004181790117657159,10,6,1.0
1,NTFSSTFNV,SARS-CoV-2,4,1.2446756169126582e-11,15,4,1.0
12,PFPQPELPY,Wheat,1,2.114067218854036e-08,22,1,1.0
16,YVYSRVKNL,SARS-CoV-2,2,1.4398400554810567e-32,24,2,1.0
11,NVILLNKHI,SARS-CoV-2,2,2.111915277681605e-28,24,2,1.0
8,MLDLQPETT,HPV,18,1.138285130032523e-13,24,18,1.0
2,TFEYVSQPFLMDLE,SARS-CoV-2,18,1.2823195577384553e-28,27,87,0.20689655172413793
15,TSQWLTNIF,SARS-CoV-2,2,1.18561375185665e-38,28,2,1.0
18,YTVSCLPFT,SARS-CoV-2,9,7.356166603228903e-100,28,9,1.0
2,GPRLGVRAT,HCV,6,0.0002157794377903489,37,6,1.0
4,LLLEWLAMA,SARS-CoV-2,12,1.9719427560343866e-25,37,12,1.0
6,YLDAYNMMI,SARS-CoV-2,13,0.0013371654898959523,37,13,1.0
3,QLQPFPQPELPY,Wheat,1,5.22188644637506e-11,42,1,1.0
0,KLGGALQAK,CMV,9,0.0042215628361289195,43,1853,0.004856988667026443
2,NQKLIANQF,SARS-CoV-2,11,3.368924943918472e-20,45,52,0.21153846153846154
1,KLGGALQAK,CMV,17,7.1033244095580965e-37,46,1853,0.009174311926605505
1,SLFNTVATLY,HIV-1,3,3.0316741811847155e-09,50,3,1.0
0,RAKFKQLL,EBV,2,0.0032916902648480358,55,194,0.010309278350515464
1,LPEGLPQGQLTAY,EBV,3,3.0316741811847155e-09,56,3,1.0
2,LPEPLGQGQLTAY,EBV,3,3.0316741811847155e-09,56,3,1.0
3,LPEPLPQAQLTAY,EBV,3,3.0316741811847155e-09,56,3,1.0
4,LPEPLPQGGLTAY,EBV,3,3.0316741811847155e-09,56,3,1.0
5,LPEPLPQGQGTAY,EBV,3,3.0316741811847155e-09,56,3,1.0
6,LPEPLPQGQLGAY,EBV,3,3.0316741811847155e-09,56,3,1.0
7,LPEPLPQGQLTAY,EBV,3,3.0316741811847155e-09,56,3,1.0
8,LPEPLPQGQLTGY,EBV,3,3.0316741811847155e-09,56,3,1.0
10,RLQSLQTYV,SARS-CoV-2,3,3.0316741811847155e-09,56,3,1.0
0,TTDPSFLGRY,SARS-CoV-2,2,0.00047799269937000955,63,73,0.0273972602739726
1,YVLDHLIVV,EBV,1,0.004109186967974691,65,13,0.07692307692307693
2,IPVAYRKVL,SARS-CoV-2,1,0.0005870267097094135,67,1,1.0
0,CINGVCWTV,HCV,2,0.00013435470468786394,79,38,0.05263157894736842
1,PTDNYITTY,SARS-CoV-2,8,5.3550291029852243e-20,85,9,0.8888888888888888
