,antigen.epitope,antigen.species,count,pval,cluster,all_clust_count,enrichment_score
41,TPQDLNTML,HIV-1,14,0.0010650465134353377,0,14,1.0
12,NEGVKAAW,CMV,4,9.385090490983602e-05,1,4,1.0
22,RPPIFIRRL,EBV,2,7.812639650859457e-12,2,2,1.0
16,WLTNIFGTV,SARS-CoV-2,3,0.00035110579845237913,3,3,1.0
11,LLYDANYFL,SARS-CoV-2,5,1.1518022304637875e-05,3,5,1.0
13,TMADLVYAL,SARS-CoV-2,2,0.00015475085112963538,8,3,0.6666666666666666
12,VTEHDTLLY,CMV,7,1.9427828444946494e-07,20,24,0.2916666666666667
5,KRWIIMGLNK,HIV-1,2,0.00032497678737217493,35,5,0.4
