,antigen.epitope,antigen.species,count,pval,cluster,all_clust_count,enrichment_score
0,LTDEMIAQY,SARS-CoV-2,2,0.0007087393819373229,0,15,0.13333333333333333
5,VLLFLAFVV,SARS-CoV-2,1,3.057041507383635e-06,1,1,1.0
71,VTEHDTLLY,CMV,18,2.5549221799947073e-07,2,27,0.6666666666666666
31,MLAKALRKV,SARS-CoV-2,9,0.0004105274605218845,5,9,1.0
51,YVFCTVNAL,SARS-CoV-2,9,0.0011053525647672334,5,9,1.0
49,WLTNIFGTV,SARS-CoV-2,20,1.7940441361584277e-07,5,20,1.0
32,NEGVKAAW,CMV,19,1.965736929713754e-06,6,19,1.0
47,TMADLVYAL,SARS-CoV-2,21,1.7023198776005687e-16,6,21,1.0
1,ISPRTLNAW,HIV-1,1,0.00323101777059808,7,1,1.0
8,SVLYYQNNV,SARS-CoV-2,1,0.00323101777059808,9,1,1.0
11,VTEHDTLLY,CMV,3,0.00010221234337410561,12,27,0.1111111111111111
5,KLKDCVMYA,SARS-CoV-2,1,1.1333001815513372e-08,25,1,1.0
12,TSTLQEQIGW,HIV,4,1.1333001815513372e-08,25,4,1.0
2,TTPESANL,SIV,1,8.811408911559914e-07,28,2,0.5
1,MPASWVMRI,SARS-CoV-2,1,0.00323101777059808,30,1,1.0
2,FRCPRRFCF,CMV,1,0.00323101777059808,35,1,1.0
4,GLIYNRMGAVTTEV,InfluenzaA,1,0.00323101777059808,35,1,1.0
5,GVYDYLVST,SARS-CoV-2,1,0.00323101777059808,35,1,1.0
10,SLIYSTAAL,SARS-CoV-2,1,0.00323101777059808,35,1,1.0
3,VPYFNMVYM,SARS-CoV-2,1,0.00323101777059808,46,1,1.0
5,VYFLQSINF,SARS-CoV-2,1,0.00323101777059808,51,1,1.0
0,MLDLQPETT,HPV,1,0.00323101777059808,55,1,1.0
10,YVLDHLIVV,EBV,1,5.0941843160739194e-06,61,1,1.0
0,FPRPWLHGL,HIV-1,1,0.00323101777059808,64,1,1.0
1,MSAFAMMFV,SARS-CoV-2,1,0.00323101777059808,70,1,1.0
0,TFEYVSQPFLMDLE,SARS-CoV-2,1,0.00323101777059808,83,1,1.0
5,SSGDATTAY,SARS-CoV-2,2,6.640641383978891e-14,85,2,1.0
