,antigen.epitope,antigen.species,count,pval,cluster,all_clust_count,enrichment_score
60,TPQDLNTML,HIV-1,22,2.09636959233944e-05,0,25,0.88
63,VTEHDTLLY,CMV,33,5.013172899493213e-05,0,38,0.868421052631579
38,SIIAYTMSL,SARS-CoV-2,5,3.8973637328060194e-05,3,5,1.0
33,PKYVKQNTLKLAT,InfluenzaA,17,2.8646094447640856e-06,3,23,0.7391304347826086
34,QARQMVQAMRTIGTHP,InfluenzaA,18,0.0003582257107107126,3,46,0.391304347826087
36,RLRAEAQVK,EBV,19,3.6267970338236856e-07,3,33,0.5757575757575758
29,LTDEMIAQY,SARS-CoV-2,20,5.654379244460858e-06,3,24,0.8333333333333334
32,NLVPMVATV,CMV,78,2.8646094447640856e-06,3,299,0.2608695652173913
28,NEGVKAAW,CMV,20,4.474998022656878e-06,4,21,0.9523809523809523
39,TMADLVYAL,SARS-CoV-2,24,1.215992027104544e-10,4,24,1.0
30,NLVPMVATV,CMV,83,2.7131437493512782e-06,4,299,0.27759197324414714
38,RLRPGGKKK,HIV-1,3,0.0012039299175687702,6,3,1.0
11,VTEHDTLLY,CMV,3,0.00034719462831931915,7,38,0.07894736842105263
6,LLYDANYFL,SARS-CoV-2,1,6.188271986928936e-05,11,3,0.3333333333333333
1,RLNEVAKNL,SARS-CoV-2,3,6.513970512558042e-07,16,3,1.0
5,SSGDATTAY,SARS-CoV-2,1,3.3871409840959904e-05,54,1,1.0
2,LLQTGIHVRVSQPSL,CMV,4,2.208919528792635e-05,54,20,0.2
