,antigen.epitope,antigen.species,count,pval,cluster,all_clust_count,enrichment_score
60,TPQDLNTML,HIV-1,22,2.09636959233944e-05,0,25,0.88
38,SIIAYTMSL,SARS-CoV-2,5,3.8973637328060194e-05,3,5,1.0
39,TMADLVYAL,SARS-CoV-2,24,1.215992027104544e-10,4,24,1.0
38,RLRPGGKKK,HIV-1,3,0.0012039299175687702,6,3,1.0
11,VTEHDTLLY,CMV,3,0.00034719462831931915,7,38,0.07894736842105263
6,LLYDANYFL,SARS-CoV-2,1,6.188271986928936e-05,11,3,0.3333333333333333
1,RLNEVAKNL,SARS-CoV-2,3,6.513970512558042e-07,16,3,1.0
5,SSGDATTAY,SARS-CoV-2,1,3.3871409840959904e-05,54,1,1.0
