,antigen.epitope,antigen.species,cluster_alpha,cluster_beta,odds,corr
0,RLRAEAQVK,EBV,9,3,0.0045126041966053,0.4991198384425317
1,RLRAEAQVK,EBV,13,3,0.0045776811664598,0.3613691489162418
2,RLRAEAQVK,EBV,24,3,0.0043570747764666,0.5853713729265548
3,RLRAEAQVK,EBV,1,3,0.0009018562117968,0.3381150209612062
4,NLVPMVATV,CMV,9,3,0.0045126041966053,0.4991198384425317
5,NLVPMVATV,CMV,9,4,0.0030936029639089,0.4736457388580133
6,NLVPMVATV,CMV,24,3,0.0043570747764666,0.5853713729265548
7,NLVPMVATV,CMV,24,4,0.0030489765885216,0.5509467637511485
8,NLVPMVATV,CMV,110,3,0.0045839262976556,0.2651787499263534
9,NLVPMVATV,CMV,110,4,0.0031170815559941,0.2806175573261937
10,NLVPMVATV,CMV,0,3,0.0016393829629363,0.3282254924346548
11,NLVPMVATV,CMV,0,4,0.0015976429205047,0.3148866125118296
12,NLVPMVATV,CMV,91,3,0.0045753314358475,0.3935079014101161
13,NLVPMVATV,CMV,91,4,0.0031170815559941,0.3606854627210625
14,SPRWYFYYL,SARS-CoV-2,9,3,0.0045126041966053,0.4991198384425317
15,SPRWYFYYL,SARS-CoV-2,24,3,0.0043570747764666,0.5853713729265548
16,SPRWYFYYL,SARS-CoV-2,0,3,0.0016393829629363,0.3282254924346548
17,SPRWYFYYL,SARS-CoV-2,42,3,0.0045665014119161,0.5526127393460947
18,NEGVKAAW,CMV,24,4,0.0030489765885216,0.5509467637511485
19,NEGVKAAW,CMV,4,4,0.0021228699038755,0.5729466394228647
20,TTDPSFLGRY,SARS-CoV-2,78,0,0.0033473718755127,0.1153749936096359
21,TTDPSFLGRY,SARS-CoV-2,22,0,0.0033158932645401,0.5295910434718607
22,TTDPSFLGRY,SARS-CoV-2,10,0,0.0026737207406409,0.6204975546226658
23,TTDPSFLGRY,SARS-CoV-2,4,0,0.0022001090644762,0.6131553920873024
24,LTDEMIAQY,SARS-CoV-2,0,3,0.0016393829629363,0.3282254924346548
25,QARQMVQAMRTIGTHP,InfluenzaA,22,3,0.0045197912824487,0.5095710227848657
